{"cameraMode":{"drawMode":0,"name":"Shaded","section":"Shading Mode"},"sceneLighting":true,"audioPlay":false,"sceneViewState":{"showFog":true,"showMaterialUpdate":false,"showSkybox":true,"showFlares":true,"showImageEffects":true,"showParticleSystems":true},"in2DMode":false,"pivot":{"x":-12.979498863220215,"y":18.90227508544922,"z":-36.698638916015628},"rotation":{"x":-0.32862594723701479,"y":-0.30072227120399477,"z":0.11124376952648163,"w":-0.8883700370788574},"size":10.0,"orthographic":false}